Płeć,Wiek,Wykształcenie,Średnie Zarobki,Czas Początkowy Podróży,Czas Końcowy Podróży,Cel Podróży
Kobieta,37.0,Średnie,4466.65,09:09,11:48,Rozrywka
Kobieta,64.0,Średnie,12471.22,14:18,00:01,Rozrywka
Mężczyzna,50.0,Podstawowe,10319.37,23:07,04:40,Zakupy
Kobieta,43.0,,14588.6,22:25,00:38,Praca
Mężczyzna,51.0,Wyższe,11611.33,11:33,11:41,Inne
Kobieta,18.0,Podstawowe,7080.56,20:59,06:12,Rozrywka
Mężczyzna,29.0,Podstawowe,5869.23,10:42,13:28,Inne
Kobieta,52.0,Średnie,10338.84,11:11,19:45,Edukacja
Mężczyzna,47.0,Podstawowe,13641.09,08:20,09:30,Edukacja
Kobieta,50.0,Wyższe,14483.71,15:29,16:10,Inne
Kobieta,48.0,Wyższe,10919.61,19:18,05:24,Edukacja
Kobieta,41.0,Wyższe,13060.86,09:27,14:08,Zakupy
Kobieta,63.0,Wyższe,10974.16,22:15,02:51,Rozrywka
Kobieta,61.0,Podstawowe,7780.38,10:37,10:34,Praca
Kobieta,63.0,Podstawowe,,08:50,15:45,Inne
Mężczyzna,60.0,Podstawowe,3725.88,13:58,17:36,Praca
Kobieta,40.0,Podstawowe,4000.39,20:19,02:24,Zakupy
Mężczyzna,24.0,Wyższe,11546.21,17:27,18:08,Praca
Kobieta,58.0,Wyższe,5984.49,18:48,22:46,Zakupy
Kobieta,18.0,Średnie,14612.47,10:51,18:27,Praca
Kobieta,66.0,Średnie,3305.93,17:12,17:47,Inne
Kobieta,70.0,Średnie,4485.91,10:09,23:09,Edukacja
Mężczyzna,54.0,Podstawowe,6404.88,18:02,03:27,Inne
Kobieta,,,4794.28,,,
Mężczyzna,35.0,Podstawowe,13801.33,17:43,23:39,Edukacja
Mężczyzna,63.0,Średnie,9792.96,09:39,20:03,Edukacja
Kobieta,44.0,Podstawowe,4720.76,,00:24,Edukacja
Mężczyzna,57.0,Wyższe,11678.1,23:33,10:21,Praca
Mężczyzna,,,,,,Inne
Kobieta,45.0,Średnie,7694.4,17:37,20:33,Zakupy
Kobieta,23.0,Wyższe,9696.15,22:41,22:57,Zakupy
Mężczyzna,69.0,Średnie,5577.98,18:50,18:18,Rozrywka
Kobieta,55.0,Podstawowe,12325.16,22:49,22:33,Praca
Mężczyzna,41.0,Średnie,8205.34,06:57,14:01,Edukacja
Kobieta,26.0,Wyższe,7746.87,11:46,20:37,Rozrywka
Kobieta,52.0,Podstawowe,5929.8,13:49,20:34,Praca
Mężczyzna,29.0,Podstawowe,3720.99,18:06,18:00,
Kobieta,24.0,Podstawowe,5888.31,15:02,19:31,Edukacja
Mężczyzna,39.0,Wyższe,9488.88,22:05,23:55,Inne
Kobieta,24.0,Średnie,12189.61,10:32,18:44,Praca
Kobieta,37.0,Średnie,8894.84,17:32,01:56,Zakupy
Kobieta,63.0,Podstawowe,14858.21,16:33,23:47,Zakupy
Kobieta,24.0,Wyższe,8016.31,18:56,19:02,Rozrywka
Kobieta,24.0,Wyższe,5873.99,05:26,07:57,Praca
Mężczyzna,69.0,Podstawowe,14119.71,10:02,10:11,Edukacja
Mężczyzna,20.0,Podstawowe,9475.92,20:37,01:34,Rozrywka
Mężczyzna,39.0,Wyższe,13433.76,15:35,21:19,Zakupy
Mężczyzna,58.0,Wyższe,10602.2,19:24,06:20,Praca
Mężczyzna,31.0,Wyższe,3368.04,22:37,09:14,Edukacja
,62.0,Podstawowe,,,,
Kobieta,28.0,Średnie,8740.15,23:55,07:01,Zakupy
Mężczyzna,56.0,Wyższe,13207.58,20:59,22:58,Praca
Kobieta,32.0,Wyższe,12049.71,09:39,13:02,Edukacja
Mężczyzna,62.0,Podstawowe,14881.12,16:52,00:01,Edukacja
Kobieta,27.0,Średnie,9671.29,05:29,10:05,Zakupy
Kobieta,60.0,Średnie,10210.77,08:59,11:26,Rozrywka
Mężczyzna,43.0,Podstawowe,12525.45,17:09,01:11,Rozrywka
Kobieta,27.0,Średnie,6427.39,16:08,16:18,Praca
Mężczyzna,61.0,Średnie,5801.06,23:55,06:30,Rozrywka
Mężczyzna,31.0,Wyższe,7560.21,05:41,13:30,Zakupy
Mężczyzna,65.0,Średnie,11356.2,05:22,07:39,Edukacja
Mężczyzna,50.0,Podstawowe,12113.99,12:12,17:28,Praca
Kobieta,22.0,Średnie,13559.26,19:57,06:56,Praca
Kobieta,58.0,Wyższe,10349.9,18:01,19:40,Edukacja
Kobieta,38.0,Wyższe,5332.7,18:45,19:20,Inne
Mężczyzna,19.0,Podstawowe,12375.95,21:36,07:40,Zakupy
Mężczyzna,69.0,Wyższe,5612.84,12:59,15:10,Praca
Mężczyzna,55.0,Podstawowe,12610.41,22:47,01:51,Zakupy
Mężczyzna,34.0,Średnie,9732.74,08:20,17:33,Edukacja
Mężczyzna,24.0,Średnie,7206.34,17:05,18:30,Rozrywka
,,Średnie,,,,Inne
Kobieta,41.0,Wyższe,3796.27,12:14,18:59,Zakupy
Mężczyzna,40.0,Wyższe,6529.13,17:51,01:49,Inne
Mężczyzna,30.0,Podstawowe,10428.24,19:17,20:50,Zakupy
,51.0,,,,,Zakupy
Kobieta,37.0,Wyższe,7144.82,15:05,00:36,Rozrywka
Mężczyzna,24.0,Podstawowe,8129.07,06:58,17:10,Zakupy
Mężczyzna,28.0,Wyższe,3929.44,16:51,21:01,Edukacja
Mężczyzna,49.0,Podstawowe,5344.44,18:57,21:26,Rozrywka
Mężczyzna,44.0,Wyższe,3399.87,13:14,15:49,Edukacja
Kobieta,18.0,Podstawowe,11788.91,07:45,17:10,Zakupy
Mężczyzna,35.0,Średnie,12734.39,06:38,10:13,Inne
Mężczyzna,59.0,Średnie,8503.24,07:29,18:23,Zakupy
Kobieta,58.0,Wyższe,4608.58,05:47,14:45,Inne
Mężczyzna,38.0,,14716.49,07:44,16:31,Zakupy
Kobieta,33.0,Wyższe,6307.55,22:00,07:21,Praca
Kobieta,26.0,Wyższe,7089.55,15:53,19:56,Edukacja
Mężczyzna,23.0,Średnie,4953.17,18:29,,Edukacja
Kobieta,70.0,Średnie,7481.49,09:03,10:55,Praca
Kobieta,26.0,Podstawowe,7468.79,21:38,01:24,Praca
Mężczyzna,22.0,Średnie,8058.79,16:17,22:02,Edukacja
Kobieta,32.0,Podstawowe,5045.37,16:08,22:13,Rozrywka
Kobieta,66.0,Podstawowe,9769.19,21:30,22:36,Praca
Kobieta,20.0,Średnie,4531.58,19:43,20:13,
Mężczyzna,65.0,Podstawowe,10838.19,12:28,16:06,Edukacja
Kobieta,26.0,Wyższe,13266.59,10:15,17:46,Rozrywka
Kobieta,52.0,Wyższe,11583.24,22:06,06:12,Rozrywka
Kobieta,63.0,Podstawowe,9507.65,21:25,01:09,Praca
Kobieta,38.0,Wyższe,4605.77,23:37,02:27,Praca
Kobieta,59.0,Podstawowe,5864.78,07:52,18:37,Edukacja
Kobieta,53.0,Wyższe,3276.4,16:52,02:03,Edukacja
Kobieta,36.0,Wyższe,9476.29,09:18,10:30,Praca
Kobieta,18.0,Średnie,7702.28,17:48,19:02,Rozrywka
Mężczyzna,44.0,Podstawowe,14728.2,18:19,01:56,Praca
Kobieta,63.0,Średnie,12532.15,13:30,18:14,Edukacja
Kobieta,44.0,Średnie,12018.33,09:46,09:07,Zakupy
Kobieta,21.0,Wyższe,10497.32,14:04,16:53,Inne
Kobieta,49.0,Średnie,9753.47,10:39,15:01,Inne
Mężczyzna,55.0,Podstawowe,13732.2,12:54,22:27,Rozrywka
Kobieta,38.0,Wyższe,13116.77,19:32,20:46,Rozrywka
Kobieta,62.0,Średnie,9056.32,14:32,17:40,Praca
Mężczyzna,61.0,Średnie,7806.06,17:59,04:20,Praca
Mężczyzna,40.0,Wyższe,10170.39,12:20,,Zakupy
Mężczyzna,64.0,Wyższe,14749.54,17:02,20:51,Inne
Mężczyzna,,Podstawowe,10465.42,17:24,21:36,Inne
Mężczyzna,56.0,Podstawowe,4278.38,06:34,17:30,Rozrywka
Mężczyzna,67.0,Wyższe,4291.13,12:40,19:36,Inne
Kobieta,21.0,Podstawowe,9548.75,15:39,04:54,Zakupy
Kobieta,62.0,Podstawowe,12160.37,16:35,02:55,Rozrywka
Mężczyzna,63.0,Podstawowe,6223.2,14:45,23:36,Rozrywka
Mężczyzna,57.0,Wyższe,13362.19,09:54,17:21,Praca
Kobieta,67.0,Wyższe,3379.06,13:04,13:13,Edukacja
Mężczyzna,25.0,Wyższe,13621.55,18:33,00:15,Rozrywka
Mężczyzna,52.0,Podstawowe,8994.37,08:59,12:08,Inne
Mężczyzna,59.0,Podstawowe,11659.49,14:27,20:28,Rozrywka
Mężczyzna,63.0,Podstawowe,5184.03,11:26,22:19,Zakupy
Mężczyzna,59.0,Średnie,8134.26,23:44,00:29,Praca
Kobieta,29.0,Podstawowe,8987.89,05:39,14:39,Rozrywka
Mężczyzna,59.0,Średnie,10856.75,20:01,23:48,Edukacja
Kobieta,30.0,Średnie,14197.73,17:09,23:16,Zakupy
Kobieta,63.0,Wyższe,8774.52,10:20,17:42,Praca
Mężczyzna,68.0,Wyższe,5165.55,17:46,20:40,Zakupy
Mężczyzna,64.0,Podstawowe,14710.63,20:33,04:29,Praca
Kobieta,52.0,Wyższe,14618.62,08:31,19:08,Inne
Mężczyzna,62.0,Wyższe,6121.09,20:08,03:25,Edukacja
Kobieta,38.0,Podstawowe,7619.41,20:55,07:27,Edukacja
Kobieta,64.0,Podstawowe,6768.67,05:35,09:34,Praca
Kobieta,28.0,Podstawowe,14599.58,19:15,19:25,Inne
Mężczyzna,48.0,Średnie,10058.08,23:28,07:59,Praca
Mężczyzna,42.0,Wyższe,10801.01,20:43,00:11,Edukacja
Kobieta,47.0,Średnie,10659.27,05:08,08:57,Praca
Mężczyzna,68.0,Podstawowe,12030.17,16:39,16:22,Zakupy
Mężczyzna,31.0,Średnie,14925.43,14:56,22:04,Praca
Kobieta,64.0,Średnie,13519.09,23:42,03:05,Zakupy
Mężczyzna,41.0,Wyższe,6479.02,17:28,18:17,Edukacja
Mężczyzna,33.0,Wyższe,3882.84,06:06,09:33,Edukacja
Kobieta,41.0,Wyższe,8719.69,13:57,16:31,Rozrywka
Kobieta,70.0,Średnie,7240.12,17:54,17:39,Inne
Mężczyzna,40.0,Średnie,11341.7,07:08,08:14,Praca
Kobieta,57.0,Średnie,12956.2,19:46,22:28,Rozrywka
Kobieta,39.0,Średnie,14828.63,10:11,11:47,Edukacja
Kobieta,49.0,Wyższe,5211.36,14:23,18:02,Rozrywka
Kobieta,50.0,Średnie,7496.6,06:59,06:17,Zakupy
Kobieta,45.0,Średnie,4330.47,16:01,20:38,Praca
Mężczyzna,32.0,Średnie,7784.56,12:33,21:00,Zakupy
Kobieta,35.0,Wyższe,4256.58,09:11,18:14,Rozrywka
,,,14851.1,22:47,,
Mężczyzna,54.0,Średnie,6032.81,10:06,12:05,Zakupy
Kobieta,46.0,Wyższe,6065.97,11:04,12:57,Inne
Mężczyzna,29.0,Wyższe,10051.99,23:09,07:18,Inne
Kobieta,62.0,Podstawowe,12396.53,10:10,12:58,Zakupy
Mężczyzna,34.0,Podstawowe,6084.29,11:11,13:12,Inne
Mężczyzna,62.0,Podstawowe,5986.04,18:32,18:27,Zakupy
Kobieta,32.0,Podstawowe,12801.79,12:45,12:21,Praca
,,,4001.04,,17:30,
Mężczyzna,68.0,Podstawowe,5060.69,22:40,00:59,Praca
Kobieta,66.0,Podstawowe,7090.46,11:08,13:43,Praca
Kobieta,50.0,Podstawowe,4611.48,07:26,11:32,Zakupy
Mężczyzna,47.0,Średnie,11719.84,17:14,20:36,Zakupy
Kobieta,39.0,Wyższe,11557.1,10:49,18:35,Zakupy
Kobieta,35.0,Wyższe,8314.13,10:26,16:59,Edukacja
Mężczyzna,49.0,Średnie,3774.14,11:11,15:31,Inne
Mężczyzna,51.0,Wyższe,8706.75,16:04,22:16,Rozrywka
Mężczyzna,29.0,Średnie,14715.91,11:53,14:40,Praca
Mężczyzna,47.0,Wyższe,5598.72,10:46,21:09,Zakupy
Mężczyzna,26.0,Średnie,6712.68,20:35,06:05,Inne
Mężczyzna,58.0,Średnie,7916.07,09:45,17:27,Praca
Kobieta,44.0,Średnie,10569.47,20:25,23:54,Rozrywka
Kobieta,20.0,Wyższe,13982.51,08:04,17:59,Edukacja
Mężczyzna,66.0,Podstawowe,3610.03,21:50,02:20,Praca
Kobieta,53.0,Podstawowe,3645.75,13:49,00:23,Inne
,32.0,Średnie,8410.33,09:07,09:27,Praca
Kobieta,22.0,Wyższe,3858.42,22:19,03:16,Rozrywka
Mężczyzna,47.0,Podstawowe,7688.45,12:53,21:36,Edukacja
Kobieta,66.0,Podstawowe,13318.84,22:17,05:20,Zakupy
Kobieta,57.0,Podstawowe,11369.76,11:58,21:57,Praca
Kobieta,39.0,Wyższe,10466.54,05:54,12:12,Zakupy
Kobieta,35.0,Podstawowe,3371.8,12:41,20:35,Inne
Mężczyzna,59.0,Podstawowe,4934.23,15:05,16:56,Rozrywka
Mężczyzna,66.0,Średnie,5538.3,15:08,16:58,Inne
Kobieta,62.0,Podstawowe,14449.89,20:24,23:22,Zakupy
Mężczyzna,18.0,Średnie,12079.23,13:09,22:53,Praca
Mężczyzna,68.0,Średnie,4039.25,22:32,09:07,Zakupy
Kobieta,57.0,Podstawowe,8596.3,16:01,19:17,Edukacja
Kobieta,67.0,Średnie,13783.05,21:15,23:32,Edukacja
Kobieta,28.0,Wyższe,14369.13,13:38,16:52,Praca
,39.0,,,,,Praca
Kobieta,18.0,Wyższe,14803.07,10:11,16:01,Praca
Kobieta,41.0,Wyższe,6157.21,18:03,02:49,Praca
,,,,23:42,,Inne
Mężczyzna,42.0,Podstawowe,5914.0,18:02,04:10,Zakupy
Mężczyzna,61.0,Podstawowe,3901.35,15:48,20:27,Rozrywka
Mężczyzna,28.0,Podstawowe,14355.71,07:57,08:41,
Mężczyzna,69.0,Średnie,11558.53,19:20,06:28,Zakupy
Kobieta,67.0,Średnie,12262.78,22:30,22:50,Zakupy
Mężczyzna,24.0,Średnie,10727.46,15:52,16:11,Edukacja
Mężczyzna,34.0,Wyższe,13593.15,13:57,15:02,Zakupy
Kobieta,18.0,Wyższe,10848.82,15:56,16:57,Rozrywka
Mężczyzna,21.0,Średnie,7444.02,06:47,09:43,Zakupy
Kobieta,51.0,Średnie,7107.23,19:01,00:05,Praca
Kobieta,23.0,Średnie,4915.37,12:42,15:42,Inne
Kobieta,65.0,Średnie,13818.93,14:11,00:25,Rozrywka
Mężczyzna,25.0,Średnie,4305.59,08:36,16:46,Inne
Mężczyzna,35.0,Wyższe,6652.16,09:04,09:17,Praca
Mężczyzna,59.0,Podstawowe,10913.9,09:21,20:18,Zakupy
Kobieta,34.0,Podstawowe,11457.73,09:38,12:16,Zakupy
Mężczyzna,65.0,Wyższe,5489.41,11:10,17:00,Inne
Mężczyzna,39.0,Wyższe,5000.29,18:19,21:00,Inne
Mężczyzna,55.0,Podstawowe,12641.37,14:12,18:35,Rozrywka
Kobieta,53.0,Wyższe,6488.81,06:56,12:28,Zakupy
Kobieta,24.0,Wyższe,12062.46,23:44,06:25,Praca
Mężczyzna,69.0,Średnie,13945.69,05:18,08:39,Rozrywka
Mężczyzna,35.0,Wyższe,5167.05,09:07,13:01,Edukacja
Kobieta,51.0,Wyższe,10924.38,07:51,08:44,Praca
Mężczyzna,59.0,Podstawowe,9581.93,13:36,20:46,Edukacja
Mężczyzna,38.0,Podstawowe,14922.25,22:51,23:25,Edukacja
Mężczyzna,69.0,Wyższe,3272.05,11:45,17:58,Rozrywka
Kobieta,49.0,Średnie,8774.5,20:45,22:13,Rozrywka
Mężczyzna,67.0,Podstawowe,14725.68,17:26,17:03,Praca
Kobieta,28.0,Wyższe,8199.66,22:22,00:45,Zakupy
Mężczyzna,41.0,Wyższe,13668.41,08:45,11:11,Edukacja
Mężczyzna,24.0,Średnie,5878.7,14:18,14:42,Zakupy
Mężczyzna,54.0,Podstawowe,3354.92,16:06,22:04,Rozrywka
Kobieta,57.0,Wyższe,3107.73,13:54,17:27,Praca
Mężczyzna,33.0,Podstawowe,7939.26,12:39,21:08,Inne
Mężczyzna,41.0,Wyższe,8436.67,12:47,23:36,Inne
Mężczyzna,43.0,Podstawowe,10504.59,18:55,04:19,Rozrywka
Mężczyzna,68.0,Średnie,6940.19,25:28,19:21,Praca
Mężczyzna,38.0,Podstawowe,14532.34,20:41,06:04,Praca
,,Średnie,,,,
Mężczyzna,69.0,Wyższe,10830.68,11:04,,Edukacja
Kobieta,51.0,Wyższe,12315.43,23:28,10:49,Edukacja
Mężczyzna,32.0,Średnie,14702.03,15:19,16:50,Inne
Mężczyzna,66.0,Średnie,9038.69,11:24,16:59,Rozrywka
Mężczyzna,58.0,Podstawowe,14244.15,11:19,14:16,Edukacja
Mężczyzna,58.0,Podstawowe,5913.25,17:13,20:15,Praca
Mężczyzna,50.0,Średnie,14122.68,15:20,19:22,Inne
Mężczyzna,19.0,Podstawowe,10930.7,18:54,19:36,Zakupy
Kobieta,22.0,Wyższe,12835.6,22:28,02:41,Praca
Mężczyzna,58.0,Podstawowe,8255.99,12:03,14:07,Zakupy
Kobieta,19.0,Średnie,12203.48,05:54,09:55,Zakupy
Kobieta,50.0,Średnie,14179.11,15:43,02:15,Rozrywka
Kobieta,27.0,Wyższe,10903.61,07:53,17:04,Edukacja
Mężczyzna,51.0,Podstawowe,8420.05,16:20,22:24,Inne
Kobieta,37.0,Średnie,3406.48,21:11,01:08,Praca
Kobieta,63.0,Średnie,13277.94,22:37,01:17,Praca
Kobieta,44.0,Średnie,9698.22,08:28,16:48,Zakupy
Mężczyzna,,Średnie,3616.21,19:03,01:41,Rozrywka
Mężczyzna,52.0,Podstawowe,8092.62,16:05,20:00,Edukacja
Mężczyzna,54.0,Wyższe,8847.63,23:47,10:15,Edukacja
Mężczyzna,51.0,Średnie,5758.38,09:22,09:38,Rozrywka
Kobieta,46.0,Podstawowe,14138.86,13:55,20:26,Praca
Kobieta,62.0,Średnie,9633.56,06:29,06:51,Edukacja
Mężczyzna,44.0,Wyższe,13268.4,16:59,16:32,Rozrywka
Kobieta,53.0,Wyższe,7561.99,16:18,21:07,Zakupy
Kobieta,43.0,Wyższe,11134.3,08:37,19:20,Inne
Mężczyzna,60.0,Wyższe,3760.93,18:59,04:51,Zakupy
Mężczyzna,36.0,Wyższe,6990.16,18:09,00:36,Rozrywka
Kobieta,41.0,Średnie,9720.97,13:48,20:10,Edukacja
Mężczyzna,63.0,Średnie,11514.68,22:41,07:20,Praca
Mężczyzna,34.0,Wyższe,14427.45,19:52,01:09,Rozrywka
Kobieta,36.0,Wyższe,7675.46,17:28,02:36,Rozrywka
Kobieta,52.0,Średnie,6483.95,05:35,08:26,Rozrywka
Kobieta,65.0,Wyższe,5450.35,18:45,23:04,Praca
Mężczyzna,19.0,Podstawowe,6359.36,07:17,09:45,Zakupy
Kobieta,19.0,Podstawowe,13147.34,07:04,12:13,Edukacja
Kobieta,24.0,Średnie,8442.69,23:18,07:15,Edukacja
Mężczyzna,39.0,Wyższe,7518.72,20:16,07:36,Inne
Mężczyzna,22.0,Podstawowe,14388.47,12:42,17:33,Edukacja
Kobieta,20.0,Podstawowe,8217.57,16:58,01:18,Edukacja
Mężczyzna,49.0,Średnie,6975.54,16:03,17:31,Inne
Mężczyzna,46.0,Podstawowe,9869.87,22:01,02:01,Edukacja
Mężczyzna,23.0,Średnie,8707.58,16:44,02:06,Praca
Mężczyzna,35.0,Średnie,13472.54,20:38,05:44,Rozrywka
Kobieta,48.0,Średnie,4790.54,17:01,20:57,Inne
Kobieta,51.0,Wyższe,9604.95,09:36,19:21,Zakupy
Kobieta,26.0,Średnie,10376.43,16:08,18:26,Zakupy
Mężczyzna,29.0,Podstawowe,14663.6,11:00,12:44,Rozrywka
Kobieta,22.0,Podstawowe,6476.93,19:13,02:29,Zakupy
Mężczyzna,32.0,Podstawowe,12669.74,20:26,21:38,Edukacja
Kobieta,39.0,Średnie,12073.29,05:32,14:45,Praca
Kobieta,25.0,Wyższe,11252.64,09:07,14:46,Praca
Mężczyzna,41.0,Wyższe,4103.46,20:00,06:27,Praca
Kobieta,19.0,Średnie,6630.99,23:51,04:05,Edukacja
Mężczyzna,66.0,Wyższe,5892.51,15:54,23:03,Praca
Mężczyzna,44.0,Średnie,13538.99,12:04,15:49,
Mężczyzna,34.0,Średnie,13129.02,20:33,20:42,Praca
Kobieta,18.0,Średnie,12491.45,21:08,04:37,Edukacja
Mężczyzna,54.0,Średnie,7869.05,11:37,15:22,Praca
Mężczyzna,44.0,Wyższe,12435.91,08:52,15:56,Inne
Kobieta,54.0,Podstawowe,9156.33,05:52,12:58,Praca
Mężczyzna,34.0,Średnie,11623.25,09:23,15:28,Rozrywka
Mężczyzna,23.0,Średnie,6715.41,21:22,02:51,Inne
Kobieta,46.0,Podstawowe,10477.72,14:33,20:02,Praca
Kobieta,29.0,Podstawowe,11860.66,07:49,12:39,Zakupy
Mężczyzna,33.0,Średnie,4867.68,15:00,16:08,Edukacja
Kobieta,66.0,Średnie,9120.64,12:32,16:32,Inne
Mężczyzna,25.0,Podstawowe,11046.11,09:31,20:18,Rozrywka
Mężczyzna,38.0,Podstawowe,5083.2,08:23,14:14,Rozrywka
Mężczyzna,53.0,Średnie,5825.57,22:12,08:39,Inne
Mężczyzna,62.0,Wyższe,5584.49,19:12,03:27,Rozrywka
,60.0,Wyższe,10457.97,30:51,08:26,Rozrywka
Mężczyzna,38.0,Podstawowe,11693.51,07:47,08:34,Praca
Mężczyzna,70.0,Wyższe,14129.52,13:09,20:59,Rozrywka
Mężczyzna,62.0,Wyższe,14103.21,07:31,13:28,Zakupy
Kobieta,53.0,Podstawowe,4291.29,07:29,08:28,Edukacja
Mężczyzna,42.0,,10317.59,15:03,15:26,Inne
Kobieta,33.0,Podstawowe,14419.63,20:12,07:47,Praca
Kobieta,44.0,Wyższe,13728.63,21:24,22:52,Rozrywka
Mężczyzna,30.0,Wyższe,7696.11,05:55,11:06,Zakupy
Kobieta,58.0,Podstawowe,9185.86,12:00,15:58,Praca
Kobieta,58.0,Średnie,9510.6,16:53,20:39,Zakupy
Mężczyzna,43.0,Podstawowe,9869.73,20:33,07:51,Zakupy
Kobieta,41.0,Wyższe,4764.44,18:40,01:39,Zakupy
Kobieta,40.0,Podstawowe,13887.91,09:50,10:29,Zakupy
Mężczyzna,26.0,Wyższe,3696.85,17:26,22:19,Rozrywka
Kobieta,42.0,Wyższe,4215.1,22:26,04:57,Praca
Kobieta,63.0,Wyższe,11535.57,15:10,17:09,Edukacja
Mężczyzna,62.0,Podstawowe,3183.32,20:51,00:49,Praca
Mężczyzna,53.0,Średnie,4793.68,13:16,20:07,Rozrywka
Kobieta,49.0,Wyższe,10642.89,19:09,21:22,Rozrywka
Mężczyzna,69.0,Wyższe,4554.44,22:14,02:31,Praca
Kobieta,27.0,Wyższe,12022.86,14:36,16:41,Zakupy
Kobieta,61.0,Podstawowe,14547.83,08:03,18:03,Rozrywka
Mężczyzna,47.0,Podstawowe,13771.04,22:56,07:59,Praca
Mężczyzna,69.0,Wyższe,3770.64,23:27,04:53,Praca
Kobieta,37.0,Podstawowe,14107.66,15:58,04:20,Inne
Kobieta,47.0,Średnie,10085.22,07:28,13:20,Praca
Kobieta,54.0,Podstawowe,8021.17,21:06,06:51,Zakupy
Mężczyzna,46.0,Średnie,3660.28,15:04,19:57,Praca
Kobieta,50.0,Wyższe,8604.55,06:11,08:38,Inne
Mężczyzna,60.0,Podstawowe,12845.54,07:06,09:55,Edukacja
Mężczyzna,64.0,Średnie,7939.05,18:05,01:04,Praca
Kobieta,32.0,Średnie,13019.0,13:03,19:51,Praca
Mężczyzna,49.0,Podstawowe,12307.84,20:34,02:43,Zakupy
Kobieta,67.0,Wyższe,5180.06,10:09,10:35,Zakupy
Mężczyzna,46.0,Wyższe,3957.2,14:32,23:36,Zakupy
Kobieta,19.0,Średnie,4858.29,11:44,12:47,Inne
Kobieta,22.0,Wyższe,5736.6,10:13,17:13,Zakupy
Kobieta,25.0,Podstawowe,3750.36,08:50,12:17,Rozrywka
Kobieta,48.0,Średnie,14745.89,09:15,10:35,Rozrywka
Mężczyzna,25.0,Podstawowe,10663.44,22:30,22:59,Zakupy
Mężczyzna,53.0,Podstawowe,5601.6,21:25,01:37,Praca
Kobieta,52.0,Wyższe,7997.88,18:38,04:28,Rozrywka
Mężczyzna,62.0,Średnie,13475.51,11:31,14:41,Zakupy
Kobieta,50.0,Wyższe,6604.3,19:14,06:14,Praca
Mężczyzna,30.0,Wyższe,9935.22,18:27,01:29,Edukacja
Kobieta,35.0,Średnie,5943.99,21:40,21:56,
Mężczyzna,33.0,Wyższe,6201.04,17:41,01:56,Edukacja
Mężczyzna,42.0,Podstawowe,11197.85,10:39,11:14,Inne
Mężczyzna,26.0,Podstawowe,14437.55,09:39,14:00,Rozrywka
Mężczyzna,53.0,Wyższe,8703.91,21:31,01:01,Praca
Mężczyzna,65.0,Podstawowe,8985.69,18:13,22:02,Rozrywka
Kobieta,60.0,Średnie,11811.95,15:07,02:33,Edukacja
Kobieta,34.0,Podstawowe,12202.41,10:40,20:44,Rozrywka
,33.0,Podstawowe,11915.74,15:35,23:47,Zakupy
Mężczyzna,18.0,Wyższe,10341.19,12:46,12:28,Praca
Kobieta,35.0,Średnie,14258.73,11:16,22:07,Rozrywka
Kobieta,44.0,Podstawowe,11416.27,18:41,00:16,Zakupy
Mężczyzna,46.0,Wyższe,6960.81,06:41,17:00,Zakupy
Mężczyzna,30.0,Wyższe,13865.69,08:56,14:50,Rozrywka
Kobieta,50.0,Wyższe,5999.07,16:51,01:08,Zakupy
Kobieta,34.0,Wyższe,13462.36,19:24,20:54,Praca
Kobieta,25.0,Średnie,8977.85,23:16,06:39,Zakupy
Kobieta,60.0,Średnie,3653.21,10:44,19:09,Rozrywka
Kobieta,25.0,Wyższe,6692.5,22:23,00:48,Praca
Mężczyzna,41.0,Podstawowe,3216.08,,04:05,Rozrywka
Kobieta,29.0,Podstawowe,4798.92,14:20,23:09,Inne
Mężczyzna,30.0,Średnie,4732.81,07:19,17:12,Zakupy
Kobieta,21.0,Wyższe,,05:59,15:28,Rozrywka
,35.0,,,,,Edukacja
Mężczyzna,53.0,Średnie,4241.59,12:53,23:12,Rozrywka
Mężczyzna,56.0,Wyższe,3744.81,18:19,22:15,Zakupy
Kobieta,54.0,Podstawowe,10231.13,19:37,01:13,Edukacja
Kobieta,67.0,Wyższe,12281.13,06:59,16:41,Praca
Mężczyzna,18.0,Podstawowe,12652.5,17:14,00:33,Inne
Mężczyzna,45.0,Podstawowe,12289.62,10:20,15:15,Edukacja
Mężczyzna,37.0,Podstawowe,4073.93,19:47,04:31,Praca
Mężczyzna,61.0,Średnie,7474.24,13:32,15:01,Inne
Mężczyzna,27.0,Podstawowe,10415.26,13:39,17:29,Inne
Mężczyzna,65.0,Średnie,8659.94,20:09,04:54,Inne
Kobieta,18.0,Podstawowe,5843.98,18:34,03:38,Edukacja
Kobieta,69.0,Wyższe,9303.01,14:30,19:15,Zakupy
Kobieta,21.0,Średnie,10240.4,08:06,15:28,Inne
Kobieta,28.0,Podstawowe,14731.73,12:51,16:37,Praca
Mężczyzna,35.0,Średnie,5304.54,05:06,12:02,Praca
Kobieta,46.0,Podstawowe,11108.48,,22:26,Rozrywka
Kobieta,62.0,Podstawowe,6493.87,08:01,17:38,Rozrywka
Kobieta,41.0,Wyższe,14595.7,20:05,02:47,Rozrywka
Mężczyzna,58.0,Średnie,13331.5,13:44,16:26,Praca
Kobieta,60.0,Wyższe,6399.86,11:11,15:14,Rozrywka
Kobieta,66.0,Podstawowe,5320.82,10:23,21:22,Inne
Mężczyzna,23.0,Wyższe,4959.37,15:45,02:21,Edukacja
Mężczyzna,27.0,Wyższe,10680.23,15:36,23:22,Rozrywka
Mężczyzna,60.0,Podstawowe,6218.39,17:48,03:50,Edukacja
Mężczyzna,40.0,Podstawowe,7328.04,11:49,20:13,Edukacja
Mężczyzna,33.0,Średnie,13958.62,05:47,05:34,Rozrywka
Mężczyzna,29.0,Średnie,8851.89,11:51,15:05,Rozrywka
Mężczyzna,45.0,Wyższe,4940.17,13:08,00:47,Edukacja
Kobieta,70.0,Średnie,5549.15,22:03,11:53,Edukacja
Mężczyzna,44.0,Wyższe,13293.64,18:48,23:38,Zakupy
Mężczyzna,34.0,Średnie,3744.76,19:46,03:08,Rozrywka
Mężczyzna,38.0,Wyższe,3200.58,10:17,13:28,Edukacja
Kobieta,55.0,Wyższe,5802.43,17:55,02:21,Rozrywka
Kobieta,61.0,Wyższe,5791.62,12:23,19:57,Inne
Kobieta,57.0,Wyższe,5706.85,22:53,03:25,Zakupy
Kobieta,50.0,Wyższe,14539.04,07:00,15:32,Inne
Kobieta,41.0,Średnie,9049.69,19:14,23:01,Praca
Mężczyzna,59.0,Podstawowe,10585.25,20:33,06:10,Praca
Kobieta,46.0,Średnie,4286.1,09:52,09:25,Edukacja
Mężczyzna,,Wyższe,6516.19,20:02,02:00,Inne
Kobieta,69.0,Podstawowe,13662.51,22:58,22:07,Rozrywka
Kobieta,19.0,Podstawowe,8663.27,14:25,17:11,Praca
Kobieta,61.0,Średnie,4573.48,05:14,05:12,Edukacja
Mężczyzna,68.0,Podstawowe,3603.29,12:32,17:34,Praca
Mężczyzna,44.0,Wyższe,7159.24,20:37,03:30,Praca
Kobieta,23.0,Podstawowe,13518.8,13:04,21:40,Inne
Kobieta,36.0,Podstawowe,7301.16,13:50,17:50,Praca
Mężczyzna,34.0,Średnie,8760.78,,16:22,Rozrywka
Mężczyzna,47.0,Średnie,11243.78,18:15,03:51,Zakupy
Kobieta,47.0,Średnie,10650.13,23:55,08:22,Inne
Kobieta,61.0,Podstawowe,5647.21,11:40,15:26,Praca
Kobieta,69.0,Średnie,10584.16,,14:05,Praca
Mężczyzna,33.0,Średnie,4540.84,19:11,01:14,Zakupy
Kobieta,62.0,Wyższe,11103.73,05:06,06:17,Praca
Mężczyzna,46.0,Podstawowe,9943.08,15:37,21:06,Edukacja
Mężczyzna,66.0,Średnie,10777.71,08:00,12:12,Zakupy
Kobieta,28.0,Średnie,10255.91,11:38,11:56,Inne
Mężczyzna,52.0,Średnie,6962.79,18:58,03:30,Inne
Kobieta,41.0,Średnie,3217.0,05:59,10:10,Praca
Kobieta,61.0,Wyższe,14942.71,15:20,21:37,Edukacja
Kobieta,23.0,Średnie,4492.17,07:47,18:05,Inne
Kobieta,26.0,Wyższe,3808.4,11:05,12:55,Rozrywka
Kobieta,34.0,Wyższe,5788.99,23:01,09:12,Edukacja
Mężczyzna,41.0,Średnie,5386.08,12:28,12:25,Zakupy
Kobieta,20.0,Wyższe,7304.23,19:22,02:15,Inne
Kobieta,64.0,Średnie,10676.09,10:14,17:45,Rozrywka
Kobieta,22.0,Średnie,8107.46,21:02,22:04,Zakupy
Kobieta,45.0,Podstawowe,14647.73,20:46,22:11,Praca
Mężczyzna,55.0,Średnie,3218.39,11:46,21:05,Zakupy
Mężczyzna,55.0,Podstawowe,9788.58,05:54,08:08,
Kobieta,43.0,Wyższe,10732.17,18:39,05:58,Inne
Mężczyzna,67.0,Wyższe,4936.25,18:55,03:39,Rozrywka
Kobieta,65.0,Średnie,4519.18,05:44,13:00,Zakupy
Mężczyzna,55.0,Podstawowe,14023.34,14:36,01:43,Rozrywka
Mężczyzna,48.0,Średnie,8588.98,20:44,06:52,Rozrywka
Kobieta,26.0,Wyższe,12021.22,20:05,03:14,Edukacja
Mężczyzna,24.0,Podstawowe,5374.04,08:37,19:50,Edukacja
Mężczyzna,55.0,Średnie,8396.6,09:40,09:15,Edukacja
Mężczyzna,58.0,Podstawowe,9998.61,21:13,22:13,Praca
Mężczyzna,70.0,Średnie,11074.35,14:21,20:22,Zakupy
Kobieta,69.0,Średnie,4404.93,16:12,17:41,Inne
Mężczyzna,56.0,Średnie,11198.39,13:21,13:36,Praca
Mężczyzna,41.0,Średnie,9312.07,05:21,16:55,Zakupy
Kobieta,44.0,Wyższe,4116.11,11:00,15:20,Rozrywka
Mężczyzna,35.0,Podstawowe,8175.08,18:00,00:45,Inne
Kobieta,35.0,Podstawowe,3653.88,16:09,21:14,Rozrywka
Mężczyzna,61.0,Średnie,7994.4,05:36,10:10,Inne
Kobieta,52.0,Średnie,13414.82,07:11,14:12,Inne
Mężczyzna,67.0,Podstawowe,10756.73,21:15,01:58,Edukacja
Kobieta,67.0,Podstawowe,9755.15,12:05,16:49,Inne
Mężczyzna,64.0,Podstawowe,12807.22,16:24,20:37,Zakupy
Mężczyzna,55.0,Wyższe,3182.48,21:14,07:35,Edukacja
Kobieta,60.0,Wyższe,3379.67,05:20,07:04,Zakupy
Kobieta,29.0,Wyższe,5690.32,11:01,18:18,Zakupy
Mężczyzna,32.0,Wyższe,8925.01,17:56,02:10,Rozrywka
Kobieta,63.0,Wyższe,11109.77,23:46,10:45,Praca
Kobieta,69.0,Podstawowe,11566.73,06:40,06:37,Praca
Mężczyzna,40.0,Średnie,14989.83,21:31,04:48,Zakupy
Mężczyzna,42.0,Wyższe,5610.99,06:23,08:20,Edukacja
Mężczyzna,34.0,Średnie,10730.86,16:02,23:05,Edukacja
Mężczyzna,33.0,Podstawowe,9219.56,06:04,16:08,Rozrywka
Mężczyzna,23.0,Średnie,13427.99,21:13,05:56,Edukacja
Mężczyzna,52.0,Wyższe,14378.54,20:04,00:15,Inne
Mężczyzna,38.0,Średnie,14462.03,10:32,14:13,Zakupy
Mężczyzna,62.0,Podstawowe,4515.41,06:10,13:57,Praca
Mężczyzna,51.0,Średnie,3923.8,17:10,00:14,Rozrywka
Mężczyzna,69.0,Wyższe,5871.4,07:48,14:56,Inne
Kobieta,43.0,Wyższe,4483.91,22:59,07:44,Inne
Mężczyzna,45.0,Średnie,12821.09,07:27,15:53,Zakupy
Mężczyzna,57.0,Średnie,9920.21,10:39,14:06,Edukacja
Mężczyzna,40.0,Średnie,9980.41,09:35,18:18,Praca
Kobieta,69.0,Podstawowe,7781.4,09:12,09:57,Inne
Mężczyzna,33.0,Podstawowe,11595.22,16:58,22:46,Praca
Kobieta,49.0,Średnie,3434.24,05:41,08:19,Praca
Mężczyzna,19.0,Średnie,5223.27,08:09,15:04,Rozrywka
Mężczyzna,36.0,Średnie,3162.66,19:13,21:24,Edukacja
Mężczyzna,62.0,Podstawowe,12444.84,18:02,04:55,Edukacja
Mężczyzna,28.0,Średnie,7513.93,09:17,11:04,Edukacja
Kobieta,44.0,Podstawowe,9084.8,13:09,17:06,Rozrywka
Mężczyzna,30.0,Podstawowe,4308.23,05:43,06:24,Inne
Kobieta,38.0,Średnie,8662.03,16:51,00:33,Zakupy
Mężczyzna,52.0,Wyższe,3027.25,17:45,20:58,Edukacja
Kobieta,45.0,Średnie,12965.89,17:57,17:50,Edukacja
Mężczyzna,21.0,Podstawowe,6911.2,09:55,13:55,Zakupy
Kobieta,33.0,Średnie,7533.18,22:46,02:08,Praca
Kobieta,40.0,Wyższe,14686.32,23:13,08:20,Praca
Mężczyzna,70.0,Podstawowe,13345.27,16:14,23:19,Praca
Kobieta,34.0,Średnie,11147.63,21:25,04:06,Inne
Mężczyzna,21.0,Podstawowe,7173.78,11:48,15:18,Praca
Mężczyzna,62.0,Podstawowe,9222.56,24:58,01:14,Zakupy
Mężczyzna,43.0,Podstawowe,14916.5,07:32,10:57,Rozrywka
Mężczyzna,27.0,Wyższe,14829.37,14:02,00:00,Edukacja
Kobieta,47.0,Wyższe,13624.65,21:09,04:30,Inne
Kobieta,52.0,Wyższe,11835.82,14:16,15:19,Rozrywka
Mężczyzna,32.0,Podstawowe,4558.08,20:23,07:40,Rozrywka
Mężczyzna,55.0,Podstawowe,12219.27,07:39,08:15,Zakupy
Kobieta,18.0,Podstawowe,13491.55,14:05,19:20,Inne
Mężczyzna,68.0,Wyższe,4150.08,09:44,19:14,Inne
,68.0,Wyższe,10357.17,13:53,00:12,Zakupy
Kobieta,58.0,Średnie,9025.64,13:33,21:11,Rozrywka
Mężczyzna,29.0,Podstawowe,3652.99,06:30,11:41,Rozrywka
Mężczyzna,60.0,Średnie,5406.03,05:56,16:39,Praca
Kobieta,37.0,Średnie,5328.53,23:39,04:16,Praca
Kobieta,19.0,Średnie,9959.29,09:11,14:51,Inne
Kobieta,39.0,Średnie,13958.59,22:03,22:36,Inne
Kobieta,47.0,Podstawowe,4927.87,21:36,03:01,Inne
Mężczyzna,53.0,Wyższe,4624.15,05:35,15:09,Inne
Kobieta,19.0,Średnie,14605.95,21:43,22:10,Edukacja
Mężczyzna,47.0,Wyższe,12609.92,16:04,23:02,Praca
Kobieta,24.0,Wyższe,12744.07,20:48,05:52,Inne
Kobieta,69.0,Podstawowe,14297.2,15:09,19:37,Zakupy
Mężczyzna,49.0,Średnie,12953.15,06:27,07:15,Rozrywka
Mężczyzna,43.0,Średnie,3638.4,13:44,20:03,Rozrywka
Kobieta,49.0,Wyższe,5009.24,21:53,00:04,Zakupy
Kobieta,62.0,Średnie,5565.94,16:31,22:57,Zakupy
Mężczyzna,38.0,Podstawowe,11226.3,21:39,21:53,Inne
Mężczyzna,19.0,Średnie,14554.37,05:15,16:49,Edukacja
Kobieta,49.0,Podstawowe,11100.52,22:14,23:59,Inne
Mężczyzna,34.0,Średnie,13351.95,16:26,18:21,Edukacja
Kobieta,47.0,Średnie,7757.74,23:32,05:38,Zakupy
Mężczyzna,37.0,Wyższe,8473.35,23:52,08:09,Praca
Kobieta,43.0,Wyższe,11400.73,11:49,16:27,Zakupy
Mężczyzna,27.0,Średnie,9297.98,07:31,09:59,Praca
Mężczyzna,41.0,Średnie,7986.56,09:51,14:00,Edukacja
Kobieta,35.0,Podstawowe,11674.18,15:36,00:11,Rozrywka
Mężczyzna,52.0,Średnie,5495.55,23:25,09:39,Praca
Kobieta,35.0,Średnie,10599.88,16:44,00:04,Rozrywka
Mężczyzna,70.0,Wyższe,10685.82,17:01,17:08,Edukacja
Mężczyzna,45.0,Podstawowe,5738.15,13:54,22:32,Edukacja
Kobieta,64.0,Wyższe,12976.12,12:05,12:02,Praca
Mężczyzna,51.0,Podstawowe,,05:43,16:53,Praca
Kobieta,36.0,Średnie,4438.67,10:58,21:16,Rozrywka
Kobieta,37.0,Podstawowe,11180.64,15:21,22:08,Rozrywka
Kobieta,35.0,Podstawowe,10699.04,05:12,09:31,Inne
Kobieta,22.0,Średnie,5639.22,13:02,00:35,Edukacja
Mężczyzna,39.0,Wyższe,12179.34,19:01,00:42,Rozrywka
Mężczyzna,39.0,Średnie,12649.78,05:00,07:49,Rozrywka
Kobieta,47.0,Wyższe,12311.39,18:44,01:58,Zakupy
Kobieta,33.0,Podstawowe,11137.19,11:33,15:24,Praca
Kobieta,69.0,Wyższe,10731.25,17:48,20:17,Edukacja
Mężczyzna,66.0,Wyższe,13850.31,18:02,21:20,Zakupy
Mężczyzna,46.0,Średnie,12062.55,14:27,19:59,Rozrywka
Kobieta,28.0,Podstawowe,7124.47,07:17,14:48,Rozrywka
Mężczyzna,23.0,Podstawowe,4729.94,20:37,04:27,Zakupy
Mężczyzna,37.0,Podstawowe,11129.67,15:28,19:22,Inne
Mężczyzna,70.0,,10318.36,25:59,23:57,Praca
Mężczyzna,68.0,Podstawowe,9339.54,06:32,07:07,Inne
Kobieta,34.0,Podstawowe,10120.24,17:32,18:19,Rozrywka
Kobieta,34.0,Wyższe,13045.25,10:31,18:46,Praca
Mężczyzna,40.0,Wyższe,14983.46,19:31,03:58,Rozrywka
Mężczyzna,32.0,Średnie,6735.68,21:14,21:28,Zakupy
Mężczyzna,19.0,Średnie,6155.93,09:51,17:16,Edukacja
Mężczyzna,44.0,Średnie,9344.25,05:23,08:38,Edukacja
Mężczyzna,43.0,Średnie,10184.48,16:36,01:15,Zakupy
Mężczyzna,45.0,Wyższe,13532.1,21:36,05:56,Inne
Kobieta,42.0,Podstawowe,10344.5,10:28,12:28,Rozrywka
Mężczyzna,62.0,Podstawowe,12254.28,20:55,20:52,Praca
Mężczyzna,25.0,Wyższe,4736.86,07:41,18:49,Edukacja
Kobieta,66.0,Podstawowe,5761.45,18:53,01:31,Rozrywka
Kobieta,29.0,Średnie,14653.01,12:24,18:18,Inne
Kobieta,66.0,Średnie,9026.13,21:44,02:51,Rozrywka
Mężczyzna,47.0,Średnie,3772.04,23:18,08:33,Praca
Mężczyzna,61.0,Wyższe,6489.02,07:56,10:38,Zakupy
Kobieta,69.0,Wyższe,11559.13,05:53,15:45,Edukacja
Kobieta,50.0,Podstawowe,14439.44,11:00,15:00,Rozrywka
Mężczyzna,55.0,Średnie,9678.64,23:05,04:31,Edukacja
Kobieta,35.0,Podstawowe,4655.9,08:43,15:41,Zakupy
Kobieta,52.0,Wyższe,11123.83,07:26,13:17,Edukacja
Kobieta,45.0,Wyższe,6903.1,17:20,,Edukacja
Kobieta,52.0,Wyższe,7170.87,07:48,17:09,Rozrywka
Mężczyzna,42.0,Wyższe,12927.84,20:00,04:32,Praca
Mężczyzna,18.0,Średnie,10421.94,19:38,06:37,Praca
Kobieta,55.0,Podstawowe,12609.53,11:17,18:46,Zakupy
Kobieta,20.0,Wyższe,14119.31,16:56,03:17,Zakupy
Kobieta,38.0,Podstawowe,9143.02,10:12,17:54,Inne
Mężczyzna,36.0,Podstawowe,12909.91,22:43,04:08,Edukacja
Mężczyzna,39.0,Średnie,6324.65,16:01,21:02,Inne
Kobieta,30.0,Wyższe,14091.54,10:43,12:02,Edukacja
Mężczyzna,60.0,Wyższe,3131.48,12:59,20:44,Praca
Kobieta,69.0,Średnie,7500.28,18:39,18:37,Inne
Kobieta,39.0,Podstawowe,7898.39,10:13,15:01,Praca
Kobieta,66.0,Średnie,11221.71,11:07,22:57,Zakupy
Mężczyzna,62.0,Średnie,4529.17,16:31,19:20,Edukacja
Kobieta,46.0,Średnie,3578.28,23:13,08:35,Praca
Mężczyzna,55.0,Wyższe,11709.88,12:05,16:34,Edukacja
Kobieta,27.0,Podstawowe,14924.2,,15:04,Inne
Kobieta,24.0,Średnie,3317.28,20:35,21:11,Zakupy
Kobieta,62.0,Średnie,3323.72,10:30,10:04,Inne
Kobieta,23.0,Średnie,5666.24,22:03,01:30,Praca
Mężczyzna,35.0,Średnie,8179.36,23:14,08:20,Zakupy
Kobieta,28.0,Podstawowe,4384.06,13:55,02:25,Edukacja
Mężczyzna,50.0,Wyższe,8668.63,19:04,20:18,Rozrywka
Kobieta,20.0,Średnie,7229.77,09:18,17:44,Rozrywka
Mężczyzna,57.0,Średnie,9918.87,05:52,09:17,Praca
Mężczyzna,24.0,Wyższe,3259.03,14:07,18:31,Inne
Kobieta,39.0,Wyższe,6950.05,21:01,22:24,Zakupy
Kobieta,64.0,Wyższe,11439.46,11:43,17:19,Zakupy
Mężczyzna,18.0,Podstawowe,11817.79,15:37,02:21,Praca
Mężczyzna,47.0,Średnie,4795.22,15:19,23:50,Zakupy
Mężczyzna,30.0,Średnie,10386.56,16:41,21:41,Rozrywka
Mężczyzna,27.0,Wyższe,8230.13,15:51,15:49,Zakupy
Mężczyzna,62.0,Wyższe,4869.28,20:19,02:27,Praca
Kobieta,23.0,Średnie,5422.55,08:17,11:18,Inne
Mężczyzna,29.0,Średnie,11591.99,21:31,05:21,Inne
Kobieta,37.0,Podstawowe,3413.77,13:05,20:57,Edukacja
Kobieta,57.0,Podstawowe,10589.52,19:41,23:23,Edukacja
Mężczyzna,38.0,Średnie,12726.11,10:49,16:37,Edukacja
Kobieta,37.0,Podstawowe,3488.39,12:56,15:31,Rozrywka
Mężczyzna,69.0,Wyższe,14743.8,18:39,03:06,Edukacja
Kobieta,57.0,Średnie,3641.13,12:13,20:17,Rozrywka
Kobieta,49.0,Podstawowe,10023.31,,18:16,Rozrywka
Kobieta,53.0,Średnie,4358.42,13:37,13:17,Zakupy
Kobieta,64.0,Wyższe,7503.19,13:20,20:26,Zakupy
Mężczyzna,28.0,Wyższe,7880.9,22:07,22:36,Edukacja
Mężczyzna,51.0,Wyższe,14255.32,16:50,16:29,Edukacja
Mężczyzna,58.0,Podstawowe,5993.29,13:02,13:55,Inne
Mężczyzna,21.0,Podstawowe,12262.96,21:56,02:56,Inne
Mężczyzna,57.0,Średnie,8102.48,10:35,11:02,Rozrywka
Mężczyzna,18.0,Wyższe,3376.11,09:56,10:52,Zakupy
Kobieta,39.0,Wyższe,7124.27,22:51,22:27,Praca
Mężczyzna,66.0,Wyższe,12852.21,11:50,22:12,Inne
Mężczyzna,51.0,Podstawowe,11466.49,05:36,14:18,Praca
Mężczyzna,62.0,Średnie,4319.63,18:07,19:07,Inne
Mężczyzna,59.0,Podstawowe,6692.18,07:08,12:57,Praca
,63.0,Podstawowe,8753.19,06:36,09:27,Inne
Mężczyzna,32.0,Wyższe,14460.0,14:39,20:32,Edukacja
Mężczyzna,69.0,Średnie,4110.23,12:42,01:37,Praca
Kobieta,70.0,Podstawowe,8798.29,13:56,13:53,Inne
Mężczyzna,,,,,,Edukacja
Kobieta,48.0,Średnie,8058.58,12:52,18:32,Inne
Kobieta,31.0,Średnie,11672.05,17:44,23:57,Inne
Mężczyzna,22.0,Podstawowe,4827.24,20:35,00:13,Praca
Mężczyzna,52.0,Wyższe,12713.57,13:45,23:54,Praca
Mężczyzna,21.0,Średnie,11598.93,08:16,17:24,Rozrywka
Mężczyzna,68.0,Podstawowe,5676.38,22:20,11:17,Inne
Mężczyzna,55.0,Wyższe,,20:12,01:05,Inne
Mężczyzna,51.0,Podstawowe,12266.06,16:17,18:05,Rozrywka
Mężczyzna,55.0,Wyższe,3976.4,18:42,05:57,Praca
Mężczyzna,64.0,Podstawowe,4733.71,08:31,11:24,Praca
Kobieta,31.0,Średnie,4860.17,23:31,00:42,Rozrywka
Kobieta,34.0,Średnie,5704.4,09:10,16:22,Inne
Mężczyzna,46.0,Podstawowe,14583.17,13:06,18:11,Praca
Kobieta,55.0,Średnie,7637.19,13:09,19:59,Edukacja
Kobieta,44.0,Podstawowe,9689.2,22:34,08:41,Inne
Mężczyzna,46.0,Średnie,3356.71,20:11,00:45,Inne
Kobieta,43.0,Podstawowe,12823.77,10:03,18:28,Zakupy
Kobieta,39.0,Wyższe,13708.73,17:11,03:41,Rozrywka
Mężczyzna,51.0,Średnie,6531.89,08:16,15:05,Zakupy
Kobieta,67.0,Podstawowe,12517.44,15:23,21:17,Edukacja
Kobieta,67.0,Podstawowe,9139.31,22:43,11:29,Edukacja
Kobieta,57.0,Podstawowe,7953.53,23:44,01:50,Praca
Kobieta,51.0,Podstawowe,4620.17,05:51,09:01,Inne
Kobieta,69.0,Wyższe,13814.9,18:02,03:10,Inne
Mężczyzna,67.0,Podstawowe,5539.5,17:43,19:28,Inne
Mężczyzna,27.0,Podstawowe,8469.66,18:24,03:07,Rozrywka
Mężczyzna,37.0,Podstawowe,13627.23,19:23,21:12,Rozrywka
Kobieta,64.0,Średnie,14744.42,13:41,14:15,Rozrywka
Mężczyzna,58.0,Średnie,6653.41,08:13,08:48,Edukacja
Kobieta,56.0,Wyższe,7118.18,13:03,22:15,Edukacja
Kobieta,66.0,Wyższe,9461.52,18:06,04:23,Inne
Kobieta,63.0,Podstawowe,14888.03,21:16,22:41,Zakupy
Kobieta,66.0,Wyższe,14057.82,06:14,09:33,
Kobieta,35.0,Wyższe,14249.57,08:38,10:25,Praca
Kobieta,19.0,Średnie,14655.72,13:51,16:58,Inne
Kobieta,70.0,Podstawowe,4140.91,05:30,07:29,Praca
Kobieta,61.0,Wyższe,4475.22,12:43,23:02,Praca
Kobieta,40.0,Podstawowe,3835.78,12:08,12:29,Inne
Kobieta,62.0,Wyższe,3974.53,16:13,18:16,Praca
Kobieta,56.0,Wyższe,7717.07,15:26,23:56,Rozrywka
Mężczyzna,30.0,Wyższe,4287.8,15:11,01:24,Zakupy
Mężczyzna,35.0,Podstawowe,11474.08,05:59,08:29,Edukacja
Mężczyzna,39.0,Podstawowe,13634.31,20:52,21:09,Zakupy
Kobieta,28.0,Średnie,7503.79,16:50,20:14,Rozrywka
Kobieta,47.0,Średnie,11741.05,06:01,11:11,Edukacja
Kobieta,49.0,Podstawowe,8421.24,22:59,05:01,Zakupy
Mężczyzna,19.0,Średnie,12073.38,23:15,04:24,Praca
Mężczyzna,46.0,Średnie,10191.26,07:36,12:14,Inne
Kobieta,54.0,Wyższe,4404.34,14:10,20:50,Praca
Mężczyzna,54.0,Wyższe,12458.0,06:11,16:31,Edukacja
Mężczyzna,32.0,Średnie,6940.34,23:34,10:38,Rozrywka
Mężczyzna,58.0,Podstawowe,5142.36,23:14,05:25,Praca
Kobieta,50.0,Wyższe,9736.91,12:09,21:17,Praca
Kobieta,29.0,Wyższe,7785.99,12:54,19:17,Zakupy
Mężczyzna,42.0,Podstawowe,10284.94,08:10,10:30,Rozrywka
Mężczyzna,66.0,Wyższe,7608.99,11:49,17:31,Edukacja
Mężczyzna,61.0,Średnie,7367.58,09:30,17:43,Zakupy
Kobieta,58.0,Podstawowe,14011.87,13:38,21:12,Rozrywka
Kobieta,59.0,Wyższe,9868.86,23:13,06:39,Edukacja
Kobieta,30.0,Wyższe,7668.57,07:05,18:38,Zakupy
Kobieta,38.0,Średnie,10992.35,09:24,14:10,Edukacja
Kobieta,29.0,Średnie,13418.71,20:43,20:17,Zakupy
Mężczyzna,60.0,Średnie,5992.22,19:25,00:44,Inne
Mężczyzna,26.0,Podstawowe,12461.05,13:20,17:43,Zakupy
Mężczyzna,26.0,Podstawowe,12811.14,23:44,06:51,Inne
Mężczyzna,39.0,Średnie,10244.02,18:59,02:17,Praca
Mężczyzna,49.0,Wyższe,9670.83,12:54,21:04,
Mężczyzna,38.0,Wyższe,6221.83,19:13,20:07,Inne
Mężczyzna,45.0,Średnie,10652.01,28:17,11:13,Inne
Mężczyzna,46.0,Wyższe,12949.68,13:23,20:59,Edukacja
Mężczyzna,56.0,Wyższe,9835.36,17:46,04:21,Inne
Kobieta,52.0,Średnie,11468.49,22:02,05:15,Inne
Mężczyzna,29.0,Średnie,7198.9,06:26,09:26,Praca
Kobieta,53.0,Podstawowe,9771.55,10:10,16:07,Zakupy
Mężczyzna,43.0,Wyższe,11233.61,06:52,12:11,Rozrywka
Mężczyzna,28.0,Średnie,8031.65,13:48,22:04,Praca
Kobieta,64.0,Wyższe,5361.99,20:09,20:00,Praca
Kobieta,29.0,Podstawowe,3547.84,21:12,02:24,Edukacja
Kobieta,65.0,Podstawowe,8539.61,13:00,00:11,Rozrywka
Mężczyzna,46.0,Średnie,7673.37,05:23,07:26,Edukacja
Kobieta,37.0,Podstawowe,13179.98,10:37,19:46,Zakupy
Kobieta,52.0,Podstawowe,11724.41,23:59,07:32,Praca
Kobieta,67.0,Średnie,3504.2,12:05,20:24,Zakupy
Kobieta,49.0,Podstawowe,7570.21,18:16,03:46,Rozrywka
Kobieta,67.0,Podstawowe,10897.36,19:40,06:55,Edukacja
Mężczyzna,70.0,Podstawowe,14362.23,11:42,22:03,Rozrywka
Mężczyzna,34.0,Średnie,9425.19,09:30,20:53,Zakupy
Mężczyzna,23.0,Podstawowe,7686.59,17:39,18:44,Inne
Mężczyzna,30.0,Wyższe,5322.6,22:06,07:39,Praca
Kobieta,65.0,Wyższe,12233.5,22:47,07:51,Edukacja
Kobieta,47.0,Średnie,4575.94,25:19,20:52,Rozrywka
Mężczyzna,,Wyższe,4318.75,22:14,23:30,Praca
Kobieta,22.0,Średnie,7045.42,21:47,10:10,Edukacja
Mężczyzna,60.0,Średnie,14769.61,13:42,20:02,Rozrywka
Mężczyzna,49.0,Średnie,14909.01,22:13,08:56,Rozrywka
Mężczyzna,40.0,Średnie,8246.6,23:28,01:57,Praca
Mężczyzna,25.0,Średnie,5893.64,09:39,11:25,Zakupy
Kobieta,61.0,Wyższe,14751.93,22:35,11:39,Inne
Kobieta,45.0,Podstawowe,10240.41,17:38,18:28,Praca
Kobieta,56.0,Średnie,9055.94,12:35,14:28,Inne
Kobieta,68.0,Średnie,5055.03,08:58,09:04,Edukacja
Kobieta,66.0,Średnie,7742.42,19:42,05:18,Praca
Kobieta,23.0,Średnie,12733.63,08:26,18:56,Inne
Kobieta,70.0,Podstawowe,4161.86,21:06,21:59,Zakupy
Kobieta,62.0,Podstawowe,8013.24,13:23,15:44,Inne
Kobieta,29.0,Wyższe,6993.12,14:26,21:34,Edukacja
Mężczyzna,65.0,Podstawowe,13562.01,17:26,20:55,Praca
Kobieta,66.0,Podstawowe,6353.49,13:36,00:49,Inne
Mężczyzna,26.0,Podstawowe,5828.29,22:57,22:41,Zakupy
Kobieta,70.0,Wyższe,9797.05,21:04,00:23,Edukacja
Kobieta,52.0,Wyższe,7356.25,12:28,21:47,Edukacja
Kobieta,67.0,,11308.0,21:35,07:08,Rozrywka
Mężczyzna,28.0,Średnie,14469.25,20:29,23:38,Inne
Kobieta,27.0,Podstawowe,,23:32,03:22,Praca
Kobieta,58.0,Podstawowe,5986.14,21:09,21:42,Inne
Kobieta,44.0,Wyższe,9437.62,07:11,11:08,Rozrywka
Kobieta,51.0,Średnie,12220.31,14:05,14:59,Rozrywka
Mężczyzna,32.0,Podstawowe,14938.63,06:37,10:41,Zakupy
Mężczyzna,47.0,Podstawowe,9748.6,23:08,07:30,Zakupy
Mężczyzna,41.0,Wyższe,7778.06,05:35,09:31,Inne
Mężczyzna,41.0,Wyższe,3999.66,15:02,16:54,Zakupy
Mężczyzna,66.0,Średnie,9106.03,19:03,04:58,Rozrywka
Kobieta,21.0,Wyższe,11136.08,22:44,01:15,Rozrywka
Mężczyzna,28.0,Wyższe,9658.52,19:58,02:50,Zakupy
Mężczyzna,,,,,01:19,
Mężczyzna,,,,,17:42,
Mężczyzna,41.0,Wyższe,3749.03,11:19,20:56,Zakupy
Kobieta,38.0,Wyższe,10137.47,23:24,05:39,Edukacja
Mężczyzna,69.0,Podstawowe,9859.97,10:08,12:57,Inne
Kobieta,18.0,Średnie,9678.83,17:49,20:06,Praca
Mężczyzna,48.0,Średnie,11499.78,17:40,20:07,Inne
Kobieta,36.0,Podstawowe,6814.66,07:48,15:36,Zakupy
Mężczyzna,,Średnie,11158.52,19:29,04:50,Praca
Kobieta,41.0,Średnie,8858.12,23:42,08:16,Praca
Kobieta,28.0,Wyższe,12572.15,09:26,14:22,Praca
Kobieta,26.0,Podstawowe,14730.96,15:08,00:30,Edukacja
Mężczyzna,62.0,Wyższe,6595.97,12:45,21:12,Zakupy
Kobieta,23.0,Podstawowe,14106.5,08:56,08:17,Rozrywka
Kobieta,61.0,Podstawowe,5921.85,08:16,16:14,Rozrywka
Mężczyzna,65.0,Podstawowe,8456.27,13:42,13:20,Inne
Kobieta,69.0,Średnie,12021.22,19:40,19:17,Rozrywka
Kobieta,39.0,Wyższe,6188.52,14:40,17:17,Praca
Kobieta,69.0,Średnie,5072.81,14:21,18:20,Praca
Kobieta,21.0,Średnie,9436.27,22:53,05:01,Praca
Mężczyzna,68.0,Podstawowe,4587.43,17:34,00:22,Inne
Kobieta,24.0,Podstawowe,6706.72,05:50,07:12,Praca
Kobieta,56.0,Podstawowe,3669.26,16:53,21:37,Edukacja
Mężczyzna,59.0,Średnie,6584.57,14:34,19:00,Praca
Mężczyzna,59.0,Wyższe,14575.63,22:54,09:40,Praca
Kobieta,22.0,Średnie,7433.14,07:27,09:33,Rozrywka
Mężczyzna,64.0,Średnie,9778.5,07:05,15:15,Praca
Mężczyzna,64.0,Podstawowe,14726.78,06:20,09:56,Zakupy
Mężczyzna,70.0,Średnie,8060.61,22:11,22:26,Praca
Kobieta,23.0,Średnie,4189.51,10:17,14:38,Edukacja
,62.0,Wyższe,,,,
Kobieta,25.0,Podstawowe,13634.36,23:59,23:06,Praca
Kobieta,43.0,Podstawowe,4126.92,18:25,07:05,Inne
Mężczyzna,22.0,Średnie,7164.85,11:43,18:20,Inne
Mężczyzna,48.0,Średnie,13522.9,05:49,05:45,Inne
Kobieta,33.0,Średnie,10108.11,14:40,20:18,Inne
Mężczyzna,43.0,Wyższe,3880.76,10:07,11:42,Inne
Mężczyzna,55.0,Średnie,14537.32,15:50,20:47,Edukacja
Kobieta,50.0,Wyższe,13602.47,10:44,15:42,Edukacja
Mężczyzna,33.0,Średnie,13236.44,05:06,13:54,Zakupy
Mężczyzna,31.0,Średnie,9740.05,05:06,06:41,Rozrywka
Kobieta,67.0,Podstawowe,12577.99,22:10,03:13,Rozrywka
Mężczyzna,70.0,Średnie,5966.48,12:19,20:12,Praca
Mężczyzna,59.0,Wyższe,4323.85,07:57,14:50,Inne
Kobieta,27.0,Wyższe,6083.01,14:13,00:24,Praca
Kobieta,64.0,Wyższe,4227.71,21:12,05:12,Zakupy
Mężczyzna,39.0,Średnie,7775.01,06:02,09:55,Inne
Kobieta,22.0,Średnie,13430.89,22:44,04:35,Rozrywka
Mężczyzna,30.0,Wyższe,12867.87,10:30,10:57,Zakupy
Mężczyzna,29.0,Wyższe,7353.24,16:07,23:06,Praca
Kobieta,63.0,Podstawowe,11858.01,16:13,03:26,Praca
Kobieta,66.0,Wyższe,11286.9,11:43,19:54,Praca
Kobieta,53.0,Średnie,4717.56,07:23,17:36,Rozrywka
Mężczyzna,64.0,Średnie,11653.7,07:02,17:28,Edukacja
Kobieta,46.0,Średnie,7975.32,22:00,05:53,Praca
Kobieta,52.0,Średnie,10466.4,20:06,07:14,Zakupy
Kobieta,29.0,Podstawowe,6888.87,22:04,03:59,Edukacja
Mężczyzna,28.0,Średnie,3399.84,08:25,16:11,Praca
Mężczyzna,65.0,Wyższe,10769.34,15:33,20:30,Edukacja
Kobieta,45.0,Średnie,12731.58,14:44,22:17,Praca
Mężczyzna,33.0,Podstawowe,3542.84,07:53,10:23,Edukacja
Mężczyzna,47.0,Średnie,11530.0,11:50,12:28,Praca
Mężczyzna,19.0,Średnie,13684.3,14:05,17:08,Rozrywka
Mężczyzna,26.0,Średnie,13259.84,20:41,20:12,Edukacja
Kobieta,41.0,Podstawowe,3592.31,06:44,12:33,Edukacja
Mężczyzna,59.0,Wyższe,11507.22,12:16,18:09,Praca
Mężczyzna,21.0,Podstawowe,3083.15,21:50,05:22,Praca
Kobieta,55.0,Wyższe,3202.74,11:28,20:29,Inne
Mężczyzna,69.0,Podstawowe,3989.68,08:17,13:42,Praca
Kobieta,32.0,Średnie,10164.88,14:17,14:43,Rozrywka
Kobieta,49.0,Wyższe,5471.11,14:35,21:11,Inne
Kobieta,44.0,Podstawowe,9124.28,15:44,02:29,Praca
Mężczyzna,37.0,Podstawowe,3030.7,11:25,17:16,Inne
Mężczyzna,33.0,Wyższe,9680.77,20:39,06:58,Zakupy
Mężczyzna,33.0,Podstawowe,13463.96,21:02,06:21,Praca
Kobieta,42.0,Wyższe,8208.3,18:56,03:56,Inne
Kobieta,61.0,Podstawowe,9376.56,17:00,22:00,Zakupy
Kobieta,35.0,Średnie,7415.99,05:51,15:54,Inne
Mężczyzna,35.0,Średnie,4293.63,11:04,22:26,Edukacja
Mężczyzna,53.0,Wyższe,3127.97,18:35,20:56,Praca
Mężczyzna,48.0,Średnie,6335.3,20:42,23:14,Zakupy
Mężczyzna,35.0,Wyższe,10726.82,20:12,21:17,Zakupy
Mężczyzna,27.0,Średnie,8753.98,20:00,07:14,Praca
Kobieta,49.0,Średnie,3432.79,09:41,12:11,Inne
Kobieta,47.0,Podstawowe,9910.16,21:14,22:45,Rozrywka
Kobieta,41.0,Wyższe,3746.93,15:34,15:26,Praca
Kobieta,47.0,Średnie,4344.02,17:54,01:04,Rozrywka
Kobieta,48.0,Wyższe,6955.67,08:03,15:25,Rozrywka
Kobieta,50.0,Podstawowe,4679.38,23:39,01:18,Rozrywka
Kobieta,33.0,Wyższe,8882.31,08:14,15:20,Edukacja
Kobieta,44.0,Podstawowe,4285.98,19:56,22:56,Zakupy
Mężczyzna,46.0,Wyższe,12553.89,23:29,07:06,Rozrywka
Mężczyzna,65.0,Podstawowe,14081.5,13:14,20:02,Inne
Kobieta,43.0,Podstawowe,3319.1,12:35,21:11,Zakupy
Mężczyzna,65.0,Średnie,6482.8,08:58,10:00,Zakupy
Mężczyzna,51.0,Podstawowe,5719.55,13:19,20:54,Praca
Mężczyzna,37.0,Podstawowe,10767.2,23:07,06:31,Praca
,,,,18:35,,Rozrywka
Kobieta,50.0,Średnie,9645.6,17:03,17:22,Edukacja
Kobieta,45.0,Podstawowe,12438.31,20:15,23:06,Rozrywka
Kobieta,,,,16:05,,
Mężczyzna,53.0,Średnie,9606.17,16:25,20:43,Praca
Kobieta,46.0,Podstawowe,11456.32,11:21,20:48,Inne
Mężczyzna,62.0,Wyższe,7195.13,19:59,20:23,Praca
Mężczyzna,70.0,Wyższe,11422.26,06:00,12:40,Praca
Mężczyzna,19.0,Średnie,13373.29,09:59,12:26,Praca
Kobieta,30.0,Wyższe,5052.69,14:08,20:12,Praca
Mężczyzna,33.0,Wyższe,4977.97,10:41,15:53,Zakupy
Kobieta,68.0,Podstawowe,14287.14,09:36,09:55,Rozrywka
Kobieta,33.0,Średnie,4447.13,09:04,13:35,Zakupy
Mężczyzna,29.0,Średnie,4381.09,16:07,20:40,Zakupy
Mężczyzna,50.0,Wyższe,8039.12,22:32,22:41,Praca
Kobieta,48.0,Podstawowe,5447.4,,08:28,Praca
Mężczyzna,34.0,Wyższe,3841.07,23:16,06:16,Zakupy
Mężczyzna,63.0,Wyższe,8718.43,15:13,18:26,Inne
Kobieta,42.0,Podstawowe,8707.89,18:50,22:11,Praca
Kobieta,20.0,Średnie,5318.16,05:51,08:05,Zakupy
Kobieta,31.0,Średnie,10245.46,10:42,12:41,Inne
Kobieta,35.0,Wyższe,11389.57,14:42,18:15,Inne
Mężczyzna,33.0,Wyższe,6036.6,18:05,20:13,Zakupy
Kobieta,42.0,Średnie,14335.5,12:50,17:36,Praca
Mężczyzna,34.0,Średnie,3001.18,22:19,02:49,Praca
Kobieta,70.0,Średnie,3450.27,06:38,11:18,Edukacja
Kobieta,68.0,Średnie,10820.63,12:53,18:40,Rozrywka
Mężczyzna,34.0,Podstawowe,6572.31,24:25,18:01,Zakupy
Mężczyzna,27.0,Podstawowe,6881.37,14:24,19:39,Zakupy
Kobieta,57.0,Średnie,6832.73,22:46,03:17,Inne
Kobieta,48.0,Podstawowe,8468.06,20:06,01:15,Edukacja
Kobieta,53.0,Wyższe,6862.11,07:55,18:37,Edukacja
Kobieta,58.0,Podstawowe,3911.69,06:02,15:51,Rozrywka
Mężczyzna,51.0,Podstawowe,12871.51,10:33,20:18,Edukacja
Mężczyzna,63.0,Wyższe,5241.69,,19:13,Zakupy
Mężczyzna,59.0,Wyższe,,19:06,01:51,Praca
Kobieta,59.0,Podstawowe,9479.74,10:09,20:09,Praca
Mężczyzna,53.0,Średnie,10399.41,09:59,18:07,Inne
Mężczyzna,28.0,Podstawowe,4145.95,18:26,21:52,Inne
Mężczyzna,51.0,Średnie,6343.59,29:02,05:11,Inne
Mężczyzna,40.0,Podstawowe,6737.86,06:55,13:43,Rozrywka
Mężczyzna,19.0,Średnie,5535.04,12:22,16:10,Inne
Mężczyzna,30.0,Średnie,3323.48,15:18,20:18,Praca
Kobieta,46.0,Podstawowe,10888.65,08:27,21:54,Zakupy
Kobieta,32.0,Średnie,3727.41,12:14,14:00,Edukacja
Kobieta,59.0,Wyższe,8290.01,18:46,20:59,Rozrywka
Mężczyzna,66.0,Średnie,6679.92,09:00,14:27,Zakupy
Kobieta,31.0,Wyższe,13157.8,20:40,01:19,Praca
Kobieta,37.0,Średnie,,08:27,17:51,Praca
Mężczyzna,68.0,Średnie,5837.07,17:55,19:15,Zakupy
Kobieta,41.0,Średnie,3898.9,10:13,15:22,Rozrywka
Kobieta,29.0,Wyższe,,19:00,00:11,Zakupy
Mężczyzna,69.0,Średnie,11398.58,19:01,04:17,Zakupy
Kobieta,23.0,Średnie,10409.83,22:29,00:00,Praca
Kobieta,68.0,Wyższe,5736.35,22:02,04:47,Inne
Mężczyzna,64.0,Średnie,4271.65,17:50,02:37,Zakupy
Mężczyzna,27.0,Wyższe,6343.05,23:33,01:04,Zakupy
Kobieta,56.0,Podstawowe,12398.85,14:04,19:40,Edukacja
Mężczyzna,66.0,Wyższe,11797.76,20:27,01:57,Edukacja
Kobieta,18.0,Wyższe,11868.38,08:52,11:04,Edukacja
Kobieta,35.0,Wyższe,6894.72,13:00,21:01,Rozrywka
Mężczyzna,19.0,Wyższe,6373.13,06:29,11:57,Rozrywka
Kobieta,52.0,Podstawowe,11348.84,12:23,18:50,Rozrywka
Mężczyzna,35.0,Wyższe,9028.53,15:25,00:40,Praca
Mężczyzna,52.0,Wyższe,5168.18,08:15,09:32,Praca
Kobieta,60.0,Podstawowe,14171.23,,15:30,Zakupy
Mężczyzna,70.0,Podstawowe,4975.32,,20:30,Zakupy
Kobieta,30.0,Średnie,5766.25,15:25,23:28,Zakupy
,58.0,Średnie,6310.28,12:44,14:54,Zakupy
Mężczyzna,41.0,Wyższe,11360.96,12:17,23:08,Edukacja
Kobieta,45.0,Podstawowe,10915.41,13:15,19:02,Inne
Mężczyzna,48.0,Wyższe,6933.86,18:25,23:40,Inne
Kobieta,26.0,Średnie,14412.72,18:42,21:11,Edukacja
Kobieta,31.0,Podstawowe,12361.55,23:20,04:25,Praca
Kobieta,28.0,Wyższe,6678.48,09:41,15:58,Edukacja
Mężczyzna,19.0,Podstawowe,11778.34,15:24,15:33,Zakupy
Kobieta,64.0,Wyższe,4707.89,18:19,01:02,Rozrywka
Kobieta,69.0,Podstawowe,10375.19,13:45,20:47,Inne
Kobieta,44.0,Średnie,6363.05,09:43,17:24,Edukacja
Kobieta,31.0,Wyższe,14527.53,06:43,13:12,Inne
Mężczyzna,61.0,Podstawowe,7988.03,21:49,00:37,Zakupy
,53.0,Podstawowe,,,,
Mężczyzna,31.0,Wyższe,12675.86,11:35,22:07,Inne
Kobieta,38.0,Podstawowe,10758.3,09:42,16:12,Rozrywka
Kobieta,18.0,Podstawowe,5854.09,06:09,17:34,Zakupy
Mężczyzna,60.0,Podstawowe,5825.92,16:44,16:20,Zakupy
Mężczyzna,61.0,Wyższe,6696.22,10:15,17:36,Rozrywka
Mężczyzna,55.0,Wyższe,5549.29,06:22,07:50,Rozrywka
Kobieta,62.0,Średnie,12488.28,15:48,00:07,Edukacja
Mężczyzna,47.0,Podstawowe,3786.31,23:52,03:34,Praca
Kobieta,51.0,Średnie,10803.94,09:57,20:11,Praca
Kobieta,33.0,Średnie,10670.18,06:42,13:40,Zakupy
Mężczyzna,66.0,Wyższe,13243.5,12:55,12:34,Praca
Kobieta,50.0,Wyższe,11299.19,21:04,01:40,Zakupy
Mężczyzna,31.0,Podstawowe,10724.29,13:24,13:41,Inne
Mężczyzna,36.0,Średnie,6886.37,20:58,07:26,Praca
Kobieta,51.0,Średnie,8139.68,22:48,04:50,Inne
Mężczyzna,66.0,Wyższe,5625.19,11:51,13:58,Zakupy
Mężczyzna,21.0,Średnie,12969.63,18:30,19:42,Zakupy
Kobieta,44.0,Podstawowe,10801.61,15:27,18:42,Zakupy
Kobieta,62.0,Wyższe,10558.63,06:07,11:31,Zakupy
Kobieta,34.0,Wyższe,5465.31,08:57,14:03,Zakupy
Mężczyzna,56.0,Podstawowe,7113.12,23:28,01:37,Inne
Kobieta,38.0,Średnie,10737.51,20:11,20:58,Zakupy
Mężczyzna,57.0,Średnie,6774.23,15:45,20:42,Rozrywka
,,,,,01:34,Inne
Kobieta,21.0,Wyższe,13300.82,08:49,13:04,Inne
Mężczyzna,22.0,Średnie,6729.31,05:31,06:20,Rozrywka
Mężczyzna,22.0,Średnie,6935.19,16:08,20:30,Inne
Kobieta,66.0,Podstawowe,4626.41,06:19,12:38,Edukacja
Kobieta,21.0,Wyższe,14122.26,11:39,22:37,Inne
Mężczyzna,55.0,Podstawowe,7495.61,18:29,03:01,Rozrywka
Kobieta,66.0,Średnie,3709.36,06:27,17:06,Zakupy
Mężczyzna,51.0,Podstawowe,10928.35,15:43,16:31,Praca
Mężczyzna,68.0,Średnie,9762.3,05:23,07:22,Rozrywka
Kobieta,21.0,Podstawowe,6731.64,05:15,12:20,Praca
Kobieta,41.0,Podstawowe,13059.3,17:13,18:11,Praca
Mężczyzna,29.0,Wyższe,11488.17,18:43,20:23,Praca
Mężczyzna,19.0,Średnie,12829.39,17:04,21:21,Inne
Kobieta,63.0,Podstawowe,8967.06,18:41,23:21,Inne
Kobieta,,,,20:21,,
Kobieta,57.0,Wyższe,4140.27,10:32,17:30,Inne
Mężczyzna,18.0,Wyższe,11191.07,07:04,09:18,Zakupy
Kobieta,22.0,Wyższe,10905.74,21:07,01:35,Praca
Mężczyzna,70.0,Średnie,9195.85,23:49,,Praca
Kobieta,39.0,Średnie,12597.73,22:26,03:43,Zakupy
Mężczyzna,20.0,Średnie,11482.81,17:16,04:59,Edukacja
Kobieta,61.0,Wyższe,12140.74,18:10,01:46,Zakupy
Mężczyzna,47.0,Podstawowe,11706.91,18:43,00:35,Praca
